name,endpoint,
AAA, abdominal-aortic-aneurysm,
AAA screening, abdominal-aortic-aneurysm-screening,
Abortion, abortion,
Abscess, abscess,
Acanthosis nigricans, acanthosis-nigricans,
Achalasia, achalasia,
Acid and chemical burns, acid-and-chemical-burns,
Acid reflux in babies, reflux-in-babies,
Acne, acne,
Acoustic neuroma (vestibular schwannoma), acoustic-neuroma,
Acromegaly, acromegaly,
Actinic keratoses (solar keratoses), actinic-keratoses,
Actinomycosis, actinomycosis,
Acupuncture, acupuncture,
Acute cholecystitis, acute-cholecystitis,
Acute kidney injury, acute-kidney-injury,
Acute lymphoblastic leukaemia, acute-lymphoblastic-leukaemia,
Acute myeloid leukaemia, acute-myeloid-leukaemia,
Acute pancreatitis, acute-pancreatitis,
Acute respiratory distress syndrome, acute-respiratory-distress-syndrome,
Addison's disease, addisons-disease,
Adenoids and adenoidectomy, adenoids-and-adenoidectomy,
Age-related cataracts, cataracts,
Age-related macular degeneration (AMD), age-related-macular-degeneration-amd,
Agoraphobia, agoraphobia,
Air or gas embolism, air-embolism,
Albinism, albinism,
Alcohol misuse, alcohol-misuse,
Alcohol poisoning, alcohol-poisoning,
Alcohol-related liver disease, alcohol-related-liver-disease-arld,
Alexander technique, alexander-technique,
Alkaptonuria, alkaptonuria,
Allergic rhinitis, allergic-rhinitis,
Allergies, allergies,
Altitude sickness, altitude-sickness,
Alzheimer's disease, alzheimers-disease,
Amblyopia, lazy-eye,
Amnesia, memory-loss-amnesia,
Amniocentesis, amniocentesis,
Amputation, amputation,
Amyloidosis, amyloidosis,
Anabolic steroid misuse, anabolic-steroid-misuse,
Anaemia (iron deficiency), iron-deficiency-anaemia,
Anaemia (vitamin B12 or folate deficiency), vitamin-b12-or-folate-deficiency-anaemia,
Anaesthesia, anaesthesia,
Anal cancer, anal-cancer,
Anal fissure, anal-fissure,
Anal fistula, anal-fistula,
Anal pain, anal-pain,
Anaphylaxis, anaphylaxis,
Androgen insensitivity syndrome, androgen-insensitivity-syndrome,
Aneurysm (brain), brain-aneurysm,
Angelman syndrome, angelman-syndrome,
Angina, angina,
Angioedema, angioedema,
Angiography, angiography,
Angioplasty, coronary-angioplasty,
Ankylosing spondylitis, ankylosing-spondylitis,
Anorexia nervosa, anorexia,
Anosmia, lost-or-changed-sense-smell,
Antacids, antacids,
Antibiotics, antibiotics,
Anticoagulant medicines, anticoagulants,
Antidepressants, antidepressants,
Antifungal medicines, antifungal-medicines,
Antihistamines, antihistamines,
Antiphospholipid syndrome (APS), antiphospholipid-syndrome,
Antisocial personality disorder, antisocial-personality-disorder,
Anus (itchy), itchy-anus,
Anxiety disorder in adults, generalised-anxiety-disorder,
Anxiety disorders in children, anxiety-disorders-in-children,
Aortic valve replacement, aortic-valve-replacement,
Aphasia, aphasia,
Appendicitis, appendicitis,
Arrhythmia, arrhythmia,
Arterial thrombosis, arterial-thrombosis,
Arthritis, arthritis,
Arthroscopy, arthroscopy,
Asbestosis, asbestosis,
Asperger's, autism,
Aspergillosis, aspergillosis,
Aspirin, aspirin,
Asthma, asthma,
Astigmatism, astigmatism,
Ataxia, ataxia,
Atherosclerosis (arteriosclerosis), atherosclerosis,
Athlete's foot, athletes-foot,
Atopic eczema, atopic-eczema,
Atrial fibrillation, atrial-fibrillation,
Attention deficit hyperactivity disorder (ADHD), attention-deficit-hyperactivity-disorder-adhd,
Auditory processing disorder, auditory-processing-disorder,
Autosomal dominant polycystic kidney disease, autosomal-dominant-polycystic-kidney-disease-adpkd,
Autosomal recessive polycystic kidney disease, autosomal-recessive-polycystic-kidney-disease-arpkd,
Avian flu, bird-flu,
Back pain, back-pain,
Bacterial vaginosis, bacterial-vaginosis,
Bad breath, bad-breath,
Baker's cyst, bakers-cyst,
Balanitis, balanitis,
Barium enema, barium-enema,
Bartholin's cyst, bartholins-cyst,
Basal cell carcinoma, non-melanoma-skin-cancer,
Bedbugs, bedbugs,
Bedwetting, bedwetting,
Behçet's disease, behcets-disease,
Being sick, diarrhoea-and-vomiting,
Bell's palsy, bells-palsy,
Benign brain tumour (non-cancerous), benign-brain-tumour,
Benign prostate enlargement, prostate-enlargement,
Beta blockers, beta-blockers,
Bile duct cancer (cholangiocarcinoma), bile-duct-cancer,
Bilharzia, schistosomiasis,
Binge eating disorder, binge-eating,
Biological and biosimilar medicines (biosimilars), biological-and-biosimilar-medicines,
Biopsy, biopsy,
Bipolar disorder, bipolar-disorder,
Birthmarks, birthmarks,
Bite (animal or human), animal-and-human-bites,
Black eye, black-eye,
Bladder cancer, bladder-cancer,
Bladder stones, bladder-stones,
Bleeding after the menopause, post-menopausal-bleeding,
Bleeding from the bottom (rectal bleeding), bleeding-from-the-bottom-rectal-bleeding,
Blepharitis, blepharitis,
Blindness and vision loss, vision-loss,
Blisters, blisters,
Blood clots, blood-clots,
Blood groups, blood-groups,
Blood in semen (haematospermia), blood-in-semen,
Blood in urine, blood-in-urine,
Blood pressure (high), high-blood-pressure-hypertension,
Blood pressure (low), low-blood-pressure-hypotension,
Blood pressure test, blood-pressure-test,
Blood tests, blood-tests,
Blood transfusion, blood-transfusion,
Blue skin or lips (cyanosis), blue-skin-or-lips-cyanosis,
Blushing, blushing,
Body dysmorphic disorder (BDD), body-dysmorphia,
Body odour (BO), body-odour-bo,
Body piercing, body-piercing,
Boils and carbuncles, boils,
Bone cancer, bone-cancer,
Bone cyst, bone-cyst,
Bone density scan (DEXA scan), dexa-scan,
Borderline personality disorder, borderline-personality-disorder,
Bornholm disease, bornholm-disease,
Botulism, botulism,
Bowel cancer, bowel-cancer,
Bowel cancer screening, bowel-cancer-screening,
Bowel incontinence, bowel-incontinence,
Bowel polyps, bowel-polyps,
Bowel transplant, small-bowel-transplant,
Bowen's disease, bowens-disease,
Brachycephaly and plagiocephaly, plagiocephaly-brachycephaly,
Brain abscess, brain-abscess,
Brain death, brain-death,
Brain haemorrhage, subarachnoid-haemorrhage,
Brain tumour (malignant), malignant-brain-tumour,
Brain tumours, brain-tumours,
Breast abscess, breast-abscess,
Breast cancer in men, breast-cancer-in-men,
Breast cancer in women, breast-cancer,
Breast cancer screening, breast-cancer-screening,
Breast lumps, breast-lump,
Breast pain, breast-pain,
Breast reduction on the NHS, breast-reduction-on-the-nhs,
Breath-holding in babies and children, breath-holding-in-babies-and-children,
Broken ankle, broken-ankle,
Broken arm or wrist, broken-arm-or-wrist,
Broken collarbone, broken-collarbone,
Broken finger or thumb, broken-finger,
Broken leg, broken-leg,
Broken nose, broken-nose,
Broken or bruised ribs, broken-or-bruised-ribs,
Broken toe, broken-toe,
Bronchiectasis, bronchiectasis,
Bronchiolitis, bronchiolitis,
Bronchitis, bronchitis,
Bronchodilators, bronchodilators,
Brucellosis, brucellosis,
Brugada syndrome, brugada-syndrome,
Bruxism, teeth-grinding,
Bulimia, bulimia,
Bullous pemphigoid, bullous-pemphigoid,
Bunions, bunions,
Burns and scalds, burns-and-scalds,
Bursitis, bursitis,
Buttock pain, sciatica,
CABG, coronary-artery-bypass-graft-cabg,
Caesarean section, caesarean-section,
Cancer, cancer,
Cannabis oil (medical cannabis), medical-cannabis,
Carbon monoxide poisoning, carbon-monoxide-poisoning,
Carcinoembryonic antigen (CEA) test, cea-test,
Cardiac catheterisation and coronary angiography, coronary-angiography,
Cardiomyopathy, cardiomyopathy,
Cardiovascular disease, cardiovascular-disease,
Carotid endarterectomy, carotid-endarterectomy,
Carpal tunnel syndrome, carpal-tunnel-syndrome,
Cartilage damage, cartilage-damage,
Cataract surgery, cataract-surgery,
Cataracts (children), childhood-cataracts,
Catarrh, catarrh,
Cavernoma, cavernoma,
Cavernous sinus thrombosis, cavernous-sinus-thrombosis,
Cellulitis, cellulitis,
Cerebral palsy, cerebral-palsy,
Cervical cancer, cervical-cancer,
Cervical rib, cervical-rib,
Cervical screening, cervical-screening,
Cervical spondylosis, cervical-spondylosis,
Charcot-Marie-Tooth disease, charcot-marie-tooth-disease,
Charles Bonnet syndrome, charles-bonnet-syndrome,
Chemotherapy, chemotherapy,
Chest infection, chest-infection,
Chest pain, chest-pain,
Chiari malformation, chiari-malformation,
Chickenpox, chickenpox,
Chilblains, chilblains,
"Chipped, broken or cracked tooth",hand-foot-mouth-disease,
Chiropractic, chiropractic,
Chlamydia, chlamydia,
Cholera, cholera,
Cholesteatoma, cholesteatoma,
Cholesterol (high), high-cholesterol,
Chorionic villus sampling, chorionic-villus-sampling-cvs,
Chronic fatigue syndrome (CFS/ME), chronic-fatigue-syndrome-cfs,
Chronic kidney disease, kidney-disease,
Chronic lymphocytic leukaemia, chronic-lymphocytic-leukaemia, /conditions/chipped-broken-or-cracked-tooth/
Chronic myeloid leukaemia, chronic-myeloid-leukaemia,
Chronic obstructive pulmonary disease (COPD), chronic-obstructive-pulmonary-disease-copd,
Chronic pancreatitis, chronic-pancreatitis,
Chronic traumatic encephalopathy, chronic-traumatic-encephalopathy,
Circumcision in boys, circumcision-in-boys,
Circumcision in men, circumcision-in-men,
Cirrhosis, cirrhosis,
CJD, creutzfeldt-jakob-disease-cjd,
Claustrophobia, claustrophobia,
Cleft lip and palate, cleft-lip-and-palate,
Clinical depression, clinical-depression,
Clinical trials, clinical-trials,
Clostridium difficile, c-difficile,
Club foot, club-foot,
Cluster headaches, cluster-headaches,
Coated or white tongue, coated-or-white-tongue,
Coccydynia (tailbone pain), tailbone-pain-coccydynia,
Coeliac disease, coeliac-disease,
Cognitive behavioural therapy (CBT), cognitive-behavioural-therapy-cbt,
Cold sores, cold-sores,
Colic, colic,
Colonoscopy, colonoscopy,
Colostomy, colostomy,
Colour vision deficiency (colour blindness), colour-vision-deficiency,
Colposcopy, colposcopy,
Coma, coma,
Common cold, common-cold,
Compartment syndrome, compartment-syndrome,
Complementary and alternative medicine, complementary-and-alternative-medicine,
Complex regional pain syndrome, complex-regional-pain-syndrome,
Concussion, concussion,
Confusion (sudden), confusion,
Congenital heart disease, congenital-heart-disease,
Congenital hip dislocation, developmental-dysplasia-of-the-hip,
Conjunctivitis, conjunctivitis,
Consent to treatment, consent-to-treatment,
Constipation, constipation,
Contact dermatitis, contact-dermatitis,
Cornea transplant, cornea-transplant,
Corns and calluses, corns-and-calluses,
Coronary heart disease, coronary-heart-disease,
Corticobasal degeneration, corticobasal-degeneration,
Corticosteroid cream, topical-steroids,
Corticosteroids, steroids,
Cosmetic procedures, cosmetic-procedures,
Costochondritis, costochondritis,
Cough, cough,
Coughing up blood (blood in phlegm), coughing-up-blood,
Counselling, counselling,
Cradle cap, cradle-cap,
Craniosynostosis, craniosynostosis,
Crohn's disease, crohns-disease,
Croup, croup,
CT scan, ct-scan,
Cushing's syndrome, cushings-syndrome,
Cuts and grazes, cuts-and-grazes,
Cyclical vomiting syndrome, cyclical-vomiting-syndrome,
Cyclospora, cyclospora,
Cyclothymia, cyclothymia,
Cystic fibrosis, cystic-fibrosis,
Cystitis, cystitis,
Cystoscopy, cystoscopy,
Cytomegalovirus (CMV), cytomegalovirus-cmv,
Dandruff, dandruff,
Deafblindness, deafblindness,
Deafness, hearing-loss,
Decongestants, decongestants,
Dehydration, dehydration,
Dementia (frontotemporal), frontotemporal-dementia,
Dementia (vascular), vascular-dementia,
Dementia with Lewy bodies, dementia-with-lewy-bodies,
Dengue, dengue,
Dental abscess, dental-abscess,
Dental pain, toothache,
Dentures (false teeth), dentures,
Detached retina (retinal detachment), detached-retina-retinal-detachment,
Developmental co-ordination disorder (dyspraxia) in children, developmental-coordination-disorder-dyspraxia,
Diabetes, diabetes,
Diabetes (type 1), type-1-diabetes,
Diabetes (type 2), type-2-diabetes,
Diabetes in pregnancy, gestational-diabetes,
Diabetes insipidus, diabetes-insipidus,
Diabetic eye screening, diabetic-eye-screening,
Diabetic ketoacidosis, diabetic-ketoacidosis,
Diabetic retinopathy, diabetic-retinopathy,
Dialysis, dialysis,
Differences in sex development, differences-in-sex-development,
DiGeorge syndrome (22q11 deletion), digeorge-syndrome,
Diphtheria, diphtheria,
Discoid eczema, discoid-eczema,
Dislocated kneecap, dislocated-kneecap,
Dislocated shoulder, dislocated-shoulder,
Disorders of consciousness, disorders-of-consciousness,
Dissociative disorders, dissociative-disorders,
Diverticular disease and diverticulitis, diverticular-disease-and-diverticulitis,
Dizziness, dizziness,
Double vision, double-vision,
Down's syndrome, downs-syndrome,
Dry eyes, dry-eyes,
Dry lips, sore-or-dry-lips,
Dry mouth, dry-mouth,
Dupuytren's contracture, dupuytrens-contracture,
DVT, deep-vein-thrombosis-dvt,
Dwarfism, restricted-growth,
Dysarthria (difficulty speaking), dysarthria,
Dysentery, dysentery,
Dyslexia, dyslexia,
Dysphagia (swallowing problems), swallowing-problems-dysphagia,
Dyspraxia (developmental co-ordination disorder) in adults, developmental-coordination-disorder-dyspraxia-in-adults,
Dystonia, dystonia,
Ear infections, ear-infections,
Earache, earache,
Eardrum (burst), perforated-eardrum,
Early menopause, early-menopause,
Early or delayed puberty, early-or-delayed-puberty,
Earwax build-up, earwax-build-up,
Eating disorders, eating-disorders,
Ebola virus disease, ebola,
Echocardiogram, echocardiogram,
Ectopic beats, heart-palpitations,
Ectopic pregnancy, ectopic-pregnancy,
Ectropion, ectropion,
Eczema (varicose), varicose-eczema,
Edwards' syndrome (trisomy 18), edwards-syndrome,
Ehlers-Danlos syndromes, ehlers-danlos-syndromes,
Ejaculation problems, ejaculation-problems,
Elbow and arm pain, elbow-and-arm-pain,
Electrocardiogram (ECG), electrocardiogram,
Electroencephalogram (EEG), electroencephalogram,
Electrolyte test, electrolyte-test,
Embolism, embolism,
Emollients, emollients,
Empyema, empyema,
Encephalitis, encephalitis,
Endocarditis, endocarditis,
Endometrial cancer, womb-cancer,
Endometriosis, endometriosis,
Endoscopy, endoscopy,
Enhanced recovery, enhanced-recovery,
Epidermolysis bullosa, epidermolysis-bullosa,
Epididymitis, epididymitis,
Epidural, epidural,
Epiglottitis, epiglottitis,
Epilepsy, epilepsy,
Erectile dysfunction (impotence), erection-problems-erectile-dysfunction,
Erythema multiforme, erythema-multiforme,
Erythema nodosum, erythema-nodosum,
Erythromelalgia, erythromelalgia,
Essential tremor, tremor-or-shaking-hands,
Euthanasia and assisted suicide, euthanasia-and-assisted-suicide,
Ewing sarcoma, ewing-sarcoma,
Excessive hair growth (hirsutism), hirsutism,
Exophthalmos (bulging eyes), bulging-eyes,
Eye cancer, eye-cancer,
Eye floaters, floaters-and-flashes-in-the-eyes,
Eye infection (herpes), herpes-simplex-eye-infections,
Eye injuries, eye-injuries,
Eye tests for children, eye-tests-in-children,
Eyelid problems, eyelid-problems,
Fabricated or induced illness, fabricated-or-induced-illness,
Face blindness, face-blindness,
Fainting, fainting,
Falls, falls,
Farting (flatulence), flatulence,
Febrile seizures, febrile-seizures,
Feeling sick (nausea), feeling-sick-nausea,
Female genital mutilation (FGM), female-genital-mutilation-fgm,
Femoral hernia repair, femoral-hernia-repair,
Fever in children, fever-in-children,
Fibroids, fibroids,
Fibromyalgia, fibromyalgia,
First aid, first-aid,
Fits (seizures), what-to-do-if-someone-has-a-seizure-fit,
Flat feet, flat-feet,
Flu, flu,
Fluoride, fluoride,
Foetal alcohol syndrome, foetal-alcohol-syndrome,
Food allergy, food-allergy,
Food colours and hyperactivity, food-colours-and-hyperactivity,
Food intolerance, food-intolerance,
Food poisoning, food-poisoning,
Foot drop, foot-drop,
Foot pain, foot-pain,
Foreskin problems, phimosis,
Frostbite, frostbite,
Frozen shoulder, frozen-shoulder,
Functional neurological disorder, medically-unexplained-symptoms,
Fungal nail infection, fungal-nail-infection,
Gallbladder cancer, gallbladder-cancer,
Gallbladder removal, gallbladder-removal,
Gallstones, gallstones,
Ganglion cyst, ganglion,
Gangrene, gangrene,
Gastrectomy, gastrectomy,
Gastritis, gastritis,
Gastro-oesophageal reflux disease (GORD), heartburn-and-acid-reflux,
Gastroparesis, gastroparesis,
Gastroscopy, gastroscopy,
Gender dysphoria, gender-dysphoria,
General anaesthesia, general-anaesthesia,
Genetic and genomic testing, genetic-and-genomic-testing,
Genetic test for cancer gene, predictive-genetic-tests-cancer,
Genital herpes, genital-herpes,
Genital warts, genital-warts,
Giardiasis, giardiasis,
Gilbert's syndrome, gilberts-syndrome,
Glandular fever, glandular-fever,
Glaucoma, glaucoma,
Glomerulonephritis, glomerulonephritis,
Glue ear, glue-ear,
Glutaric aciduria type 1, glutaric-aciduria,
Goitre, goitre,
Gonorrhoea, gonorrhoea,
Gout, gout,
Granuloma annulare, granuloma-annulare,
Granulomatosis with polyangiitis (Wegener's granulomatosis), granulomatosis-with-polyangiitis,
Group B strep, group-b-strep,
Growing pains, growing-pains,
Guillain-Barré syndrome, guillain-barre-syndrome,
Gum disease, gum-disease,
Haemochromatosis, haemochromatosis,
Haemophilia, haemophilia,
Haemophilus influenzae type b (Hib), hib,
Hair dye reactions, hair-dye-reactions,
Hair loss, hair-loss,
Hairy cell leukaemia, hairy-cell-leukaemia,
Hallucinations and hearing voices, hallucinations,
Hamstring injury, hamstring-injury,
Hand pain, hand-pain,
Hand tendon repair, hand-tendon-repair,
"Hand, foot and mouth disease",chipped-broken-or-cracked-tooth,
Hay fever, hay-fever,
Head and neck cancer, head-and-neck-cancer,
Head injury and concussion, minor-head-injury,
Head lice and nits, head-lice-and-nits,
Headaches, headaches,
Headaches (hormone), hormone-headaches,
Headaches (tension-type), tension-headaches,
Headaches in children, headaches-in-children,
Health anxiety, health-anxiety,
Hearing tests, hearing-tests,
Hearing tests for children, hearing-tests-children,
Heart attack, heart-attack,
Heart block, heart-block,
Heart failure, heart-failure,
Heart transplant, heart-transplant,
Heart valve problems, mitral-valve-problems,
Heart-lung transplant, heart-lung-transplant,
Heat exhaustion and heatstroke, heat-exhaustion-heatstroke,
Heat rash (prickly heat), heat-rash-prickly-heat,
Heavy periods, heavy-periods,
Henoch-Schönlein purpura (HSP), henoch-schonlein-purpura-hsp,
Hepatitis, hepatitis,
Hepatitis A, hepatitis-a,
Hepatitis B, hepatitis-b,
Hepatitis C, hepatitis-c,
Herbal medicines, herbal-medicines,
Herceptin (trastuzumab), herceptin,
Hereditary haemorrhagic telangiectasia (HHT), hereditary-haemorrahagic-telangiectasia,
Hereditary neuropathy with pressure palsies (HNPP), hereditary-neuropathy,
Hereditary spastic paraplegia, hereditary-spastic-paraplegia,
Hernia, hernia,
Hernia (hiatus), hiatus-hernia,
Hernia (inguinal), inguinal-hernia-repair,
Hernia (umbilical), umbilical-hernia-repair,
Herpes in babies, neonatal-herpes,
Herpetic whitlow (whitlow finger), herpetic-whitlow,
Hiccups, hiccups,
Hidradenitis suppurativa (HS), hidradenitis-suppurativa, /conditions/hand-foot-mouth-disease/
Hip fracture, hip-fracture,
Hip pain in adults, hip-pain,
Hip pain in children (irritable hip), hip-pain-children-irritable-hip,
Hip replacement, hip-replacement,
Hirschsprung's disease, hirschsprungs-disease,
HIV and AIDS, hiv-and-aids,
Hives, hives,
Hoarding disorder, hoarding-disorder,
Hodgkin lymphoma, hodgkin-lymphoma,
Home oxygen therapy, home-oxygen-treatment,
Homeopathy, homeopathy,
Homocystinuria, homocystinuria,
Hormone replacement therapy (HRT), hormone-replacement-therapy-hrt,
Human papillomavirus (HPV), human-papilloma-virus-hpv,
Huntington's disease, huntingtons-disease,
Hydrocephalus, hydrocephalus,
Hydronephrosis, hydronephrosis,
Hyperglycaemia (high blood sugar), high-blood-sugar-hyperglycaemia,
Hyperhidrosis, excessive-sweating-hyperhidrosis,
Hyperparathyroidism, hyperparathyroidism,
Hypersomnia, excessive-daytime-sleepiness-hypersomnia,
Hypnotherapy, hypnotherapy,
Hypoglycaemia (low blood sugar), low-blood-sugar-hypoglycaemia,
Hypoparathyroidism, hypoparathyroidism,
Hypothermia, hypothermia,
Hypothyroidism, underactive-thyroid-hypothyroidism,
Hypotonia, hypotonia,
Hysterectomy, hysterectomy,
Hysteroscopy, hysteroscopy,
IBS, irritable-bowel-syndrome-ibs,
Ichthyosis, ichthyosis,
Idiopathic pulmonary fibrosis, idiopathic-pulmonary-fibrosis,
Ileostomy, ileostomy,
Impetigo, impetigo,
Incontinence (urinary), urinary-incontinence,
Indigestion, indigestion,
Infertility, infertility,
Inflammatory bowel disease, inflammatory-bowel-disease,
Ingrown hairs, ingrown-hairs,
Ingrown toenail, ingrown-toenail,
Insect bites and stings, insect-bites-and-stings,
Insomnia, insomnia,
Intensive care, intensive-care,
Interstitial cystitis, interstitial-cystitis,
Intracranial hypertension, intracranial-hypertension,
Intrauterine insemination (IUI), artificial-insemination,
Irregular periods, irregular-periods,
Isovaleric acidaemia, isovaleric-acidaemia,
Itchy skin, itchy-skin,
IVF, ivf,
Japanese encephalitis, japanese-encephalitis,
Jaundice, jaundice,
Jaundice in newborns, jaundice-newborn,
Jaw pain, temporomandibular-disorder-tmd,
Jellyfish and other sea creature stings, jellyfish-and-other-sea-creature-stings,
Jet lag, jet-lag,
Joint hypermobility syndrome, joint-hypermobility-syndrome,
Joint pain, joint-pain,
Kaposi's sarcoma, kaposis-sarcoma,
Kawasaki disease, kawasaki-disease,
Keratosis pilaris, keratosis-pilaris,
Kidney cancer, kidney-cancer,
Kidney infection, kidney-infection,
Kidney stones, kidney-stones,
Kidney transplant, kidney-transplant,
Klinefelter syndrome, klinefelters-syndrome,
Knee ligament surgery, knee-ligament-surgery,
Knee pain, knee-pain,
Knee replacement, knee-replacement,
Knock knees, knock-knees,
Knocked-out tooth, knocked-out-tooth,
Kwashiorkor, kwashiorkor,
Kyphosis, kyphosis,
Leaky gut syndrome, leaky-gut-syndrome,
Labial fusion, labial-fusion,
Labyrinthitis, labyrinthitis,
Lactate dehydrogenase (LDH) test, ldh-test,
Lactose intolerance, lactose-intolerance,
Lambert-Eaton myasthenic syndrome, lambert-eaton-myasthenic-syndrome,
Laparoscopy (keyhole surgery), laparoscopy,
Laryngeal (larynx) cancer, laryngeal-cancer,
Laryngitis, laryngitis,
Laxatives, laxatives,
Learning disabilities, learning-disabilities,
Leg cramps, leg-cramps,
Leg ulcer, leg-ulcer,
Legionnaires' disease, legionnaires-disease,
Leptospirosis (Weil's disease), leptospirosis,
Leukoplakia, leukoplakia,
Lichen planus, lichen-planus,
Lichen sclerosus, lichen-sclerosus,
Limping in children, limp-in-children,
Lipoedema, lipoedema,
Lipoma, lipoma,
Listeriosis, listeriosis,
Liver cancer, liver-cancer,
Liver disease, liver-disease,
Liver transplant, liver-transplant,
Local anaesthesia, local-anaesthesia,
Long QT syndrome, long-qt-syndrome,
Long-sightedness, long-sightedness,
Loss of libido (reduced sex drive), loss-of-libido,
Low sperm count, low-sperm-count,
Low white blood cell count, low-white-blood-cell-count,
Lumbar decompression surgery, lumbar-decompression-surgery,
Lumbar puncture, lumbar-puncture,
Lumps, lumps,
Lung cancer, lung-cancer,
Lung transplant, lung-transplant,
Lupus, lupus,
Lyme disease, lyme-disease,
Lymphoedema, lymphoedema,
Macular hole, macular-hole,
Magnesium test, magnesium-test,
Malaria, malaria,
Male menopause, male-menopause,
Mallet finger, mallet-finger,
Malnutrition, malnutrition,
Maple syrup urine disease, maple-syrup-urine-disease,
Marfan syndrome, marfan-syndrome,
Mastectomy, mastectomy,
Mastitis, mastitis,
Mastocytosis, mastocytosis,
Mastoiditis, mastoiditis,
MCADD, mcadd,
Measles, measles,
Medicines information, medicines-information,
Meningitis, meningitis,
Menopause, menopause,
Menstrual pain, period-pain,
Mental health and wellbeing, stress-anxiety-depression,
Mesothelioma, mesothelioma,
Metabolic syndrome, metabolic-syndrome,
Metallic taste, metallic-taste,
Middle East respiratory syndrome (MERS), middle-east-respiratory-syndrome-mers,
Migraine, migraine,
Miscarriage, miscarriage,
Mobile phone safety, mobile-phone-safety,
Molar pregnancy, molar-pregnancy,
Moles, moles,
Molluscum contagiosum, molluscum-contagiosum,
Monkeypox, monkeypox,
Morton's neuroma, mortons-neuroma,
Motion sickness, motion-sickness,
Motor neurone disease, motor-neurone-disease,
Mouth cancer, mouth-cancer,
Mouth thrush, oral-thrush-mouth-thrush,
Mouth ulcers, mouth-ulcers,
MRI scan, mri-scan,
MRSA, mrsa,
Mucositis, mucositis,
Multiple myeloma, multiple-myeloma,
Multiple sclerosis, multiple-sclerosis,
Multiple system atrophy, multiple-system-atrophy,
Mumps, mumps,
Munchausen's syndrome, munchausens-syndrome,
Muscular dystrophy, muscular-dystrophy,
Myasthenia gravis, myasthenia-gravis,
Mycobacterium chimaera infection, mycobacterium-chimaera,
Myelodysplastic syndrome (myelodysplasia), myelodysplasia,
Myopia, short-sightedness,
Myositis (polymyositis and dermatomyositis), myositis,
Ménière's disease, menieres-disease,
Nail patella syndrome, nail-patella-syndrome,
Nail problems, nail-problems,
Narcolepsy, narcolepsy,
Nasal and sinus cancer, nasal-and-sinus-cancer,
Nasal polyps, nasal-polyps,
Nasopharyngeal cancer, nasopharyngeal-cancer,
Neck pain, neck-pain-and-stiff-neck,
Necrotising fasciitis, necrotising-fasciitis,
Nephrotic syndrome in children, nephrotic-syndrome,
Neuroblastoma, neuroblastoma,
Neuroendocrine tumours, neuroendocrine-tumours,
Neuroendocrine tumours and carcinoid syndrome, carcinoid-syndrome,
Neurofibromatosis type 1, neurofibromatosis-type-1,
Neurofibromatosis type 2, neurofibromatosis-type-2,
Neuromyelitis optica, neuromyelitis-optica,
Newborn respiratory distress syndrome, neonatal-respiratory-distress-syndrome,
NHS screening, nhs-screening,
Night sweats, night-sweats,
Night terrors and nightmares, night-terrors,
Nipple discharge, nipple-discharge,
Noise sensitivity (hyperacusis), hyperacusis,
Non-alcoholic fatty liver disease (NAFLD), non-alcoholic-fatty-liver-disease,
Non-allergic rhinitis, non-allergic-rhinitis,
Non-gonococcal urethritis, non-gonococcal-urethritis,
Non-Hodgkin lymphoma, non-hodgkin-lymphoma,
Noonan syndrome, noonan-syndrome,
Norovirus (vomiting bug), norovirus,
Nosebleed, nosebleed,
NSAIDs, nsaids,
Obesity, obesity,
Obsessive compulsive disorder (OCD), obsessive-compulsive-disorder-ocd,
Occupational therapy, occupational-therapy,
Oesophageal atresia and tracheo-oesophageal fistula, oesophageal-atresia,
Oesophageal cancer, oesophageal-cancer,
Orf, orf,
Orthodontics, orthodontics,
Osteoarthritis, osteoarthritis,
Osteomalacia, rickets-and-osteomalacia,
Osteomyelitis, osteomyelitis,
Osteopathy, osteopathy,
Osteophyte (bone spur), osteophyte,
Osteoporosis, osteoporosis,
Otosclerosis, otosclerosis,
Ovarian cancer, ovarian-cancer,
Ovarian cyst, ovarian-cyst,
Overactive thyroid (hyperthyroidism), overactive-thyroid-hyperthyroidism,
Ovulation pain, ovulation-pain,
Pacemaker implantation, pacemaker-implantation,
Paget's disease of bone, pagets-disease-bone,
Paget's disease of the nipple, pagets-disease-nipple,
Pancreas transplant, pancreas-transplant,
Pancreatic cancer, pancreatic-cancer,
Panic disorder, panic-disorder,
Paralysis, paralysis,
Parkinson's disease, parkinsons-disease,
Patau's syndrome, pataus-syndrome,
Peak flow test, peak-flow-test,
Pelvic inflammatory disease, pelvic-inflammatory-disease-pid,
Pelvic organ prolapse, pelvic-organ-prolapse,
Pelvic pain, pelvic-pain,
Pemphigus vulgaris, pemphigus-vulgaris,
Penile cancer, penile-cancer,
Penis problems, penis-problems,
Pericarditis, pericarditis,
Periods, periods,
Periods (stopped or missed), stopped-or-missed-periods,
Peripheral arterial disease (PAD), peripheral-arterial-disease-pad,
Peripheral neuropathy, peripheral-neuropathy,
Peritonitis, peritonitis,
Persistent trophoblastic disease and choriocarcinoma, persistent-trophoblastic-disease-choriocarcinoma,
Personality disorder, personality-disorder,
PET scan, pet-scan,
Phaeochromocytoma, phaeochromocytoma,
Phantosmia, phantosmia,
Phenylketonuria, phenylketonuria,
Phlebitis (superficial thrombophlebitis), phlebitis,
Phobias, phobias,
Phosphate test, phosphate-test,
Photodynamic therapy (PDT), photodynamic-therapy,
Physiotherapy, physiotherapy,
Piles, piles-haemorrhoids,
Pilonidal sinus, pilonidal-sinus,
Pins and needles, pins-and-needles,
PIP breast implants, pip-implants,
Pityriasis rosea, pityriasis-rosea,
Pityriasis versicolor, pityriasis-versicolor,
Plantar fasciitis, plantar-fasciitis,
Plastic surgery, plastic-surgery,
Pleurisy, pleurisy,
PMS (premenstrual syndrome), pre-menstrual-syndrome,
Pneumonia, pneumonia,
Poisoning, poisoning,
Polio, polio,
Polycystic ovary syndrome, polycystic-ovary-syndrome-pcos,
Polycythaemia, polycythaemia,
Polyhydramnios (too much amniotic fluid), polyhydramnios,
Polymorphic light eruption, polymorphic-light-eruption,
Polymyalgia rheumatica, polymyalgia-rheumatica,
Pompholyx (dyshidrotic eczema), pompholyx,
Post-herpetic neuralgia, post-herpetic-neuralgia,
Post-mortem, post-mortem,
Post-polio syndrome, post-polio-syndrome,
Post-traumatic stress disorder (PTSD), post-traumatic-stress-disorder-ptsd,
Postnatal depression, post-natal-depression,
Postpartum psychosis, post-partum-psychosis,
Postural tachycardia syndrome (PoTS), postural-tachycardia-syndrome,
Potassium test, potassium-test,
Prader-Willi syndrome, prader-willi-syndrome,
Pre-eclampsia, pre-eclampsia,
Pressure ulcers (pressure sores), pressure-sores,
Priapism (painful erections), priapism-painful-erections,
Primary biliary cholangitis (primary biliary cirrhosis), primary-biliary-cirrhosis-pbc,
Probiotics, probiotics,
Progressive supranuclear palsy, progressive-supranuclear-palsy-psp,
Prostate cancer, prostate-cancer,
Prostate problems, prostate-problems,
Prostatitis, prostatitis,
Psoriasis, psoriasis,
Psoriatic arthritis, psoriatic-arthritis,
Psychiatry, psychiatry,
Psychosis, psychosis,
Pubic lice, pubic-lice,
Pudendal neuralgia, pudendal-neuralgia,
Pulmonary embolism, pulmonary-embolism,
Pulmonary hypertension, pulmonary-hypertension,
Pyoderma gangrenosum, pyoderma-gangrenosum,
Q fever, q-fever,
Quinsy, tonsillitis,
Rabies, rabies,
Radiotherapy, radiotherapy,
Rashes in babies and children, rashes-babies-and-children,
Raynaud's, raynauds,
Reactive arthritis, reactive-arthritis,
Rectal examination, rectal-examination,
Red blood cell count, red-blood-count,
Red eye, red-eye,
Repetitive strain injury (RSI), repetitive-strain-injury-rsi,
Respiratory tract infections (RTIs), respiratory-tract-infection,
Restless legs syndrome, restless-legs-syndrome,
Retinal migraine, retinal-migraine,
Retinoblastoma (eye cancer in children), retinoblastoma,
Rett syndrome, rett-syndrome,
Reye's syndrome, reyes-syndrome,
Rhesus disease, rhesus-disease,
Rheumatic fever, rheumatic-fever,
Rheumatoid arthritis, rheumatoid-arthritis,
Ringworm, ringworm,
Root canal treatment, root-canal-treatment,
Rosacea, rosacea,
Roseola, roseola,
Roundworm, roundworm,
Rubella (german measles), rubella,
Salivary gland stones, salivary-gland-stones,
Sarcoidosis, sarcoidosis,
SARS (severe acute respiratory syndrome), sars,
Scabies, scabies,
Scarlet fever, scarlet-fever,
Scars, scars,
Schizophrenia, schizophrenia,
Scleroderma, scleroderma,
Scoliosis, scoliosis,
Scurvy, scurvy,
Seasonal affective disorder (SAD), seasonal-affective-disorder-sad,
Selective mutism, selective-mutism,
Selective serotonin reuptake inhibitors (SSRIs), ssri-antidepressants,
Self-harm, self-harm,
Sepsis, sepsis,
Septic arthritis, septic-arthritis,
Severe head injury, severe-head-injury,
Sexually transmitted infections (STIs), sexually-transmitted-infections-stis,
Shin pain (shin splints), shin-splints,
Shingles, shingles,
Shortness of breath, shortness-of-breath,
Shoulder impingement, shoulder-impingement-syndrome,
Shoulder pain, shoulder-pain,
Sick building syndrome, sick-building-syndrome,
Sickle cell disease, sickle-cell-disease,
Silicosis, silicosis,
Sinusitis, sinusitis-sinus-infection,
Sjögren's syndrome, sjogrens-syndrome,
Skin cancer (melanoma), melanoma-skin-cancer,
Skin cyst, skin-cyst,
Skin picking disorder, skin-picking-disorder,
Skin tags, skin-tags,
Slapped cheek syndrome, slapped-cheek-syndrome,
Sleep apnoea, sleep-apnoea,
Sleep paralysis, sleep-paralysis,
Sleepwalking, sleepwalking,
Slipped disc, slipped-disc,
Smelly urine, smelly-urine,
Smoking (treatments to stop), stop-smoking-treatments,
Snake bites, snake-bites,
Snoring, snoring,
Social anxiety (social phobia), social-anxiety,
Social care and support guide, social-care-and-support-guide,
Soft tissue sarcomas, soft-tissue-sarcoma,
Soiling (child pooing their pants), soiling-child-pooing-their-pants,
Sore or white tongue, sore-or-white-tongue,
Sore throat, sore-throat,
Spina bifida, spina-bifida,
Spinal muscular atrophy, spinal-muscular-atrophy-sma,
Spirometry, spirometry,
Spleen problems and spleen removal, spleen-problems-and-spleen-removal,
Spondylolisthesis, spondylolisthesis,
Sports injuries, sports-injuries,
Sprains and strains, sprains-and-strains,
Squint, squint,
Stammering, stammering,
Staph infection, staphylococcal-infections,
Statins, statins,
Stem cell and bone marrow transplants, stem-cell-transplant,
Steroid inhalers, steroid-inhalers,
Steroid injections, steroid-injections,
Steroid nasal sprays, steroid-nasal-sprays,
Steroid tablets, steroid-tablets,
Stevens-Johnson syndrome, stevens-johnson-syndrome,
Stillbirth, stillbirth,
Stomach ache, stomach-ache,
Stomach cancer, stomach-cancer,
Stomach ulcer, stomach-ulcer,
Stretch marks, stretch-marks,
Stroke, stroke,
Stye, stye,
Subdural haematoma, subdural-haematoma,
Sudden infant death syndrome (SIDS), sudden-infant-death-syndrome-sids,
Suicidal thoughts, suicide,
Sunburn, sunburn,
Supraventricular tachycardia (SVT), supraventricular-tachycardia-svt,
Surgery (having an operation), having-surgery,
Swallowing pills, problems-swallowing-pills,
Swine flu (H1N1), swine-flu,
"Swollen ankles, feet and legs (oedema)",Oedema,
Swollen arms and hands (oedema), swollen-arms-and-hands-oedema,
Swollen glands, swollen-glands,
Syphilis, syphilis,
Tapeworms, tapeworms,
Tay-Sachs disease, tay-sachs-disease,
Temporal arteritis, temporal-arteritis,
Tendonitis, tendonitis,
Tennis elbow, tennis-elbow,
TENS (transcutaneous electrical nerve stimulation), transcutaneous-electrical-nerve-stimulation-tens,
Testicle lumps and swellings, testicle-lumps-and-swellings,
Testicular cancer, testicular-cancer,
Tetanus, tetanus,
Thalassaemia, thalassaemia,
Thirst (excessive), thirst,
Threadworms, threadworms,
Thrombophilia, thrombophilia,
Thrush in men and women, thrush-in-men-and-women,
Thyroid cancer, thyroid-cancer,
Thyroiditis, thyroiditis,
TIA, transient-ischaemic-attack-tia,
Tick-borne encephalitis (TBE), tick-borne-encephalitis,
Tics, tics,
Tinnitus, tinnitus,
Tongue-tie, tongue-tie,
Tooth (chipped or broken), chipped-broken-or-cracked-tooth,
Tooth decay, tooth-decay,
Total iron-binding capacity (TIBC) and transferrin test, tibc-test,
Total protein test, total-protein-test,
Tourette's syndrome, tourettes-syndrome,
Toxic shock syndrome, toxic-shock-syndrome,
Toxocariasis, toxocariasis,
Toxoplasmosis, toxoplasmosis,
Tracheostomy, tracheostomy,
Transurethral resection of the prostate (TURP), transurethral-resection-of-the-prostate-turp,
Travel vaccinations, travel-vaccinations,
Trichomoniasis, trichomoniasis,
Trichotillomania (hair pulling disorder), trichotillomania,
Trigeminal neuralgia, trigeminal-neuralgia,
Trigger finger, trigger-finger,
Trimethylaminuria ('fish odour syndrome'), trimethylaminuria,
Tuberculosis (TB), tuberculosis-tb,
Tuberous sclerosis, tuberous-sclerosis,
Turner syndrome, turner-syndrome,
Twitching eyes and muscles, twitching-eyes-and-muscles,
Typhoid fever, typhoid-fever,
Typhus, typhus,
Ulcerative colitis, ulcerative-colitis,
Ultrasound scan, ultrasound-scan,
Undescended testicles, undescended-testicles,
Unintentional weight loss, unintentional-weight-loss,
Urinary catheter, urinary-catheters,
Urinary tract infections (UTIs), urinary-tract-infections-utis,
Urine albumin to creatinine ratio (ACR), acr-test,
Uveitis, uveitis,
Vaccinations, vaccinations,
Vagina problems, vagina-problems,
Vaginal cancer, vaginal-cancer,
Vaginal discharge, vaginal-discharge,
Vaginal dryness, vaginal-dryness,
Vaginal pain, vulvodynia,
Vaginismus, vaginismus,
Vaginitis, vaginitis,
Varicose veins, varicose-veins,
Vasculitis, vasculitis,
Vertigo, vertigo,
Vestibular neuronitis, vestibular-neuronitis,
Vitamins and minerals, vitamins-and-minerals,
Vitiligo, vitiligo,
Vomiting blood (haematemesis), vomiting-blood,
Von Willebrand disease, von-willebrand-disease,
Vulval cancer, vulval-cancer,
Warts and verrucas, warts-and-verrucas,
Watering eyes, watering-eyes,
Weight loss surgery, weight-loss-surgery,
West Nile virus, west-nile-virus,
Whiplash, whiplash,
Whooping cough, whooping-cough,
Wisdom tooth removal, wisdom-tooth-removal,
Wolff-Parkinson-White syndrome, wolff-parkinson-white-syndrome,
Worms in humans, worms-in-humans,
X-ray, x-ray,
Yellow fever, yellow-fever,
Zika virus, zika,
,,
,,
,,
,,
,,
,,
,,
,,
,,
,,
,,
,,
,,
,,
,,
,,
,,
,,
,,
,,
,,
,,
,,
,,
,,
,,
,,
,,
,,
,,
,,
,,
,,
,,
,,
,,
,,
,,
,,
,,
,,
,,
,,
,,
,,
,,
,,
,,
,,
,,
,,
,,
,,
,,
,,
,,
,,
,,
,,
,,
,,
,,
,,
,,
,,
,,
,,
,,
,,
,,
,,
,,
,,
,, /conditions/oedema/
